subgroup_no,main_group_no,subgroup_name,main_group_name,R,Q,example,source
1,1,CH3,CH2,0.9011,0.848,,SIS-CET 2e Table 7.5-2
2,1,CH2,CH2,0.6744,0.54,"n-Hexane: 4 CH2, 2 CH3",SIS-CET 2e Table 7.5-2
3,1,CH,CH2,0.4469,0.228,"Isobutane: 1 CH, 3 CH3",SIS-CET 2e Table 7.5-2
4,1,C,CH2,0.2195,0.0,"Neopentane: 1 C, 4 CH3",SIS-CET 2e Table 7.5-2
5,2,CH2=CH,C=C,1.3454,1.176,"1-Hexene: 1 CH2=CH, 3 CH2, 1 CH3",SIS-CET 2e Table 7.5-2
6,2,CH=CH,C=C,1.1167,0.867,"2-Hexene: 1 CH=CH, 2 CH3, 2 CH2",SIS-CET 2e Table 7.5-2
7,2,CH2=C,C=C,1.1173,0.988,,SIS-CET 2e Table 7.5-2
8,2,CH=C,C=C,0.8886,0.676,,SIS-CET 2e Table 7.5-2
9,3,ACH,ACH,0.5313,0.4,Benzene: 6 ACH,SIS-CET 2e Table 7.5-2
10,3,AC,ACH,0.3652,0.12,,SIS-CET 2e Table 7.5-2
11,4,ACCH3,ACCH2,1.2663,0.968,"Toluene: 5 ACH, 1 ACCH3",SIS-CET 2e Table 7.5-2
12,4,ACCH2,ACCH2,1.0396,0.66,"Ethylbenzene: 5 ACH, 1 ACCH2, 1 CH3",SIS-CET 2e Table 7.5-2
13,4,ACCH,ACCH2,0.8121,0.348,,SIS-CET 2e Table 7.5-2
14,5,OH,OH,1.0,1.2,"n-Propanol: 1 OH, 1 CH3, 2 CH2",SIS-CET 2e Table 7.5-2
15,6,CH3OH,CH3OH,1.4311,1.432,Methanol,SIS-CET 2e Table 7.5-2
16,7,H2O,Water,0.92,1.4,Water,SIS-CET 2e Table 7.5-2
17,8,ACOH,ACOH,0.8952,0.68,"Phenol: 1 ACOH, 5 ACH",SIS-CET 2e Table 7.5-2
18,9,CH3CO,CH2CO,1.6724,1.488,"Dimethylketone: 1 CH3CO, 1 CH3",SIS-CET 2e Table 7.5-2
19,9,CH2CO,CH2CO,1.4457,1.18,"Diethylketone: 1 CH2CO, 2 CH3, 1 CH2",SIS-CET 2e Table 7.5-2
20,10,CHO,CHO,0.998,0.948,"Ethanal: 1 CHO, 1 CH3",SIS-CET 2e Table 7.5-2
21,11,CH3COO,CCOO,1.9031,1.728,"Methyl acetate: 1 CH3COO, 1 CH3",SIS-CET 2e Table 7.5-2
22,11,CH2COO,CCOO,1.6764,1.42,"Methyl propanate: 1 CH2COO, 2 CH3",SIS-CET 2e Table 7.5-2
23,12,HCOO,HCOO,1.242,1.188,"Methyl formate: 1 HCOO, 1 CH3",SIS-CET 2e Table 7.5-2
24,13,CH3O,CH2O,1.145,1.088,,SIS-CET 2e Table 7.5-2
25,13,CH2O,CH2O,0.9183,0.78,"Ethyl ether: 1 CH2O, 1 CH3, 1 CH2",SIS-CET 2e Table 7.5-2
26,13,CH-O,CH2O,0.6908,0.468,,SIS-CET 2e Table 7.5-2
27,13,FCH2O,CH2O,0.9183,1.1,"Tetrahydrofuran: 1 FCH2O, 3 CH2",SIS-CET 2e Table 7.5-2
28,14,CH3NH2,CNH2,1.5959,1.544,,SIS-CET 2e Table 7.5-2
29,14,CH2NH2,CNH2,1.3692,1.236,"Propyl amine: 1 CH2NH2, 1 CH3, 1 CH2",SIS-CET 2e Table 7.5-2
30,14,CHNH2,CNH2,1.1417,0.924,,SIS-CET 2e Table 7.5-2
31,15,CH3NH,CNH,1.4337,1.244,,SIS-CET 2e Table 7.5-2
32,15,CH2NH,CNH,1.207,0.936,"Diethyl amine: 1 CH2NH, 2 CH3, 1 CH2",SIS-CET 2e Table 7.5-2
33,15,CHNH,CNH,0.9795,0.624,,SIS-CET 2e Table 7.5-2
34,16,CH3N,(C)3N,1.1865,0.94,,SIS-CET 2e Table 7.5-2
35,16,CH2N,(C)3N,0.9597,0.632,"Triethylamine: 1 CH2N, 2 CH2, 3 CH3",SIS-CET 2e Table 7.5-2
36,17,ACNH2,ACNH2,1.06,0.816,"Aniline: 1 ACNH2, 5 ACH",SIS-CET 2e Table 7.5-2
37,18,C5H5N,Pyridine,2.9993,2.113,,SIS-CET 2e Table 7.5-2
38,18,C5H4N,Pyridine,2.8332,1.833,"Methyl pyridine: 1 C5H4N, 1 CH3",SIS-CET 2e Table 7.5-2
39,18,C5H3N,Pyridine,2.667,1.553,,SIS-CET 2e Table 7.5-2
40,19,CH3CN,CCN,1.8701,1.724,,SIS-CET 2e Table 7.5-2
41,19,CH2CN,CCN,1.6434,1.416,"Propionitrile: 1 CH2CN, 1 CH3",SIS-CET 2e Table 7.5-2
42,20,COOH,COOH,1.3013,1.224,"Acetic acid: 1 COOH, 1 CH3",SIS-CET 2e Table 7.5-2
43,20,HCOOH,COOH,1.528,1.532,Formic acid,SIS-CET 2e Table 7.5-2
44,21,CH2Cl,CCl,1.4654,1.264,"Chloroethane: 1 CH2Cl, 1 CH3",SIS-CET 2e Table 7.5-2
45,21,CHCl,CCl,1.238,0.952,,SIS-CET 2e Table 7.5-2
46,21,CCl,CCl,1.006,0.724,,SIS-CET 2e Table 7.5-2
47,22,CH2Cl2,CCl2,2.2564,1.988,,SIS-CET 2e Table 7.5-2
48,22,CHCl2,CCl2,2.0606,1.684,"1,1-Dichloroethane: 1 CHCl2, 1 CH3",SIS-CET 2e Table 7.5-2
49,22,CCl2,CCl2,1.8016,1.448,,SIS-CET 2e Table 7.5-2
50,23,CHCl3,CCl3,2.87,2.41,Chloroform,"SIS-CET 2e Table 7.5-2 (example moved up from the CCl4 row, where the 2e misprints it)"
51,23,CCl3,CCl3,2.6401,2.184,"1,1,1-Trichloroethane: 1 CCl3, 1 CH3",SIS-CET 2e Table 7.5-2
52,24,CCl4,CCl4,3.39,2.91,,SIS-CET 2e Table 7.5-2
53,25,ACCl,ACCl,1.1562,0.844,"Chlorobenzene: 1 ACCl, 5 ACH",SIS-CET 2e Table 7.5-2
54,26,CH3NO2,CNO2,2.0086,1.868,Nitromethane,SIS-CET 2e Table 7.5-2
55,26,CH2NO2,CNO2,1.7818,1.56,"Nitroethane: 1 CH2NO2, 1 CH3",SIS-CET 2e Table 7.5-2
56,26,CHNO2,CNO2,1.5544,1.248,,SIS-CET 2e Table 7.5-2
57,27,ACNO2,ACNO2,1.4199,1.104,"Nitrobenzene: 1 ACNO2, 5 ACH",SIS-CET 2e Table 7.5-2
58,28,CS2,CS2,2.057,1.65,Carbon disulfide,SIS-CET 2e Table 7.5-2
59,29,CH3SH,CH3SH,1.877,1.676,Methanethiol,SIS-CET 2e Table 7.5-2
60,29,CH2SH,CH3SH,1.651,1.368,"Ethanethiol: 1 CH2SH, 1 CH3",SIS-CET 2e Table 7.5-2
61,30,Furfural,Furfural,3.168,2.481,Furfural,SIS-CET 2e Table 7.5-2
62,31,(CH2OH)2,DOH,2.4088,2.248,Ethylene glycol,SIS-CET 2e Table 7.5-2
63,32,I,I,1.264,0.992,"Iodomethane: 1 I, 1 CH3",SIS-CET 2e Table 7.5-2
64,33,Br,Br,0.9492,0.832,"Bromomethane: 1 Br, 1 CH3",SIS-CET 2e Table 7.5-2
65,34,CH≡C,C≡C,1.292,1.088,"1-Hexyne: 1 CH≡C, 1 CH3, 3 CH2",SIS-CET 2e Table 7.5-2
66,34,C≡C,C≡C,1.0613,0.784,"2-Hexyne: 1 C≡C, 2 CH3, 2 CH2",SIS-CET 2e Table 7.5-2
67,35,Me2SO,Me2SO,2.8266,2.472,Dimethyl sulfoxide,SIS-CET 2e Table 7.5-2
68,36,ACRY,ACRY,2.3144,2.052,Acrylonitrile,SIS-CET 2e Table 7.5-2
69,37,Cl(C=C),ClCC,0.791,0.724,"Trichloroethylene: 3 Cl(C=C), 1 CH=C",SIS-CET 2e Table 7.5-2
70,2,C=C,C=C,0.6605,0.485,,SIS-CET 2e Table 7.5-2
71,38,ACF,ACF,0.6948,0.524,Hexafluorobenzene: 6 ACF,SIS-CET 2e Table 7.5-2
72,39,DMF-1,DMF,3.0856,2.736,Dimethylformamide,SIS-CET 2e Table 7.5-2
73,39,DMF-2,DMF,2.6322,2.12,"Diethylformamide: 1 DMF-2, 2 CH3",SIS-CET 2e Table 7.5-2
74,40,CF3,CF2,1.406,1.38,,SIS-CET 2e Table 7.5-2
75,40,CF2,CF2,1.0105,0.92,"Perfluorohexane: 4 CF2, 2 CF3",SIS-CET 2e Table 7.5-2
76,40,CF,CF2,0.615,0.46,,SIS-CET 2e Table 7.5-2
77,41,COO,COO,1.38,1.2,"Butyl acetate: 1 COO, 2 CH3, 3 CH2",SIS-CET 2e Table 7.5-2
78,42,SiH3,SiH2,1.6035,1.2632,"Methylsilane: 1 SiH3, 1 CH3",SIS-CET 2e Table 7.5-2
79,42,SiH2,SiH2,1.4443,1.0063,,SIS-CET 2e Table 7.5-2
80,42,SiH,SiH2,1.2853,0.7494,,SIS-CET 2e Table 7.5-2
81,42,Si,SiH2,1.047,0.4099,"Hexamethyldisiloxane: 1 Si, 1 SiO, 6 CH3",SIS-CET 2e Table 7.5-2
82,43,SiH2O,SiO,1.4838,1.0621,,SIS-CET 2e Table 7.5-2
83,43,SiHO,SiO,1.303,0.7639,,SIS-CET 2e Table 7.5-2
84,43,SiO,SiO,1.1044,0.4657,,SIS-CET 2e Table 7.5-2
85,44,NMP,NMP,3.981,3.2,N-methylpyrrolidone,SIS-CET 2e Table 7.5-2
