main_i,main_j,a_ij,b_ij,c_ij
1,2,189.66,-0.2723,0.0
1,3,114.2,0.0933,0.0
1,4,7.339,-0.4538,0.0
1,5,2777.0,-4.674,0.00155
1,6,2409.4,-3.0099,0.0
1,7,1391.3,-3.6156,0.00114
1,8,1381.0,-0.9977,0.0
1,9,433.6,0.1473,0.0
1,10,875.85,0.0,0.0
1,11,98.656,1.9294,-0.00313
1,12,508.4,-0.6215,0.0
1,13,233.1,-0.3155,0.0
1,14,-164.04,4.9683,-0.0103
1,15,350.58,0.0667,0.0
1,16,-175.7,1.857,0.0
1,17,958.74,-0.1484,0.0
1,18,1802.3,-17.171,0.036
1,19,593.07,0.7335,0.0
1,20,1182.2,-3.2647,0.0092
1,21,401.0,-0.7277,0.0
1,22,-233.66,1.2561,0.0
1,23,-653.74,4.5311,-0.00874
1,24,267.51,-1.7109,0.00339
1,25,-1385.0,15.89,-0.0483
1,26,2345.0,-13.2,0.0216
1,27,2383.0,-2.693,0.0
1,28,24.33,1.521,0.0
1,29,465.9,-0.8557,0.0
1,30,577.7,0.9384,0.0
1,31,897.7,0.0,0.0
1,32,559.9,-0.3564,0.0
1,33,527.7,-0.499,0.0
1,34,477.5,-0.6581,0.0
1,35,-547.5,3.457,0.0
1,36,1662.0,0.0,0.0
1,37,334.5,0.0091,0.0
1,38,468.5,-1.042,0.0
1,39,406.2,0.6525,0.0
1,40,342.0,-1.679,0.0
1,41,1312.0,-3.643,0.0
1,42,-117.1,0.5481,-0.00098
1,43,79.507,0.7089,-0.0021
1,44,1935.7,0.0,0.0
1,45,164.25,-0.2683,0.0
1,46,677.32,-2.0066,0.0
1,47,3150.8604,-3.1003,0.0
1,48,1529.5217,-6.2025,0.00975
1,52,24.4317,0.2915,0.0
1,53,269.6733,0.0,0.0
1,55,407.4698,-0.2037,-0.000159
2,1,-95.418,0.0617,0.0
2,3,174.1,-0.5886,0.0
2,4,117.3,-0.8552,0.0
2,5,2649.0,-6.508,0.00482
2,6,-628.07,10.0,-0.015
2,7,778.3,0.1482,0.0
2,8,1207.0,-1.955,0.0
2,9,179.8,0.6991,0.0
2,10,476.25,0.0,0.0
2,11,980.74,-2.4224,0.0
2,12,309.8,0.0,0.0
2,13,733.3,-2.509,0.0
2,14,1857.0,-8.653,0.0109
2,15,224.8,0.0,0.0
2,16,165.3,0.0,0.0
2,17,2800.0,-10.72,0.0134
2,18,13.502,0.0,0.0
2,19,634.85,0.0,0.0
2,20,-2026.1,8.1549,0.0
2,21,498.9,-1.487,0.0
2,22,-44.958,0.0,0.0
2,23,-204.51,0.0,0.0
2,24,616.62,-2.1164,0.0
2,25,-56.69,9.805,0.0
2,26,417.6,0.0873,0.0
2,28,46.06,1.545,0.0
2,30,470.4,0.0,0.0
2,33,-19.82,0.5941,0.0
2,34,642.27,-3.8641,0.0055
2,35,-174.6,1.96,0.0
2,36,179.7,0.0,0.0
2,37,967.9,-0.0386,0.0
2,38,141.1,-0.3025,0.0
2,39,388.4,0.0,0.0
2,41,-339.8,1.297,0.0
2,42,2.406,-0.1882,0.0
2,43,-322.1,-0.2037,0.00452
2,45,389.28,0.0,0.0
2,46,491.23,-1.8285,0.0
2,47,673.2267,1.9523,0.0
2,48,249.18,0.0,0.0
2,52,-86.2315,0.0,0.0
2,53,9.3895,0.0,0.0
2,55,-456.082,2.4334,0.0
3,1,16.07,-0.2998,0.0
3,2,-157.2,0.6166,0.0
3,4,139.2,-0.65,0.0
3,5,3972.0,-13.16,0.0121
3,6,1604.3,-2.0299,0.0
3,7,792.0,-1.726,0.0
3,8,1356.0,-2.118,0.0
3,9,146.2,-1.237,0.00424
3,10,-365.5,1.874,0.0
3,11,-274.54,0.9149,0.0
3,12,170.5,-0.0239,0.0
3,13,-87.08,-0.1859,0.0
3,14,2036.0,-8.729,0.00814
3,15,139.67,0.0377,0.0
3,16,-71.4,0.7078,0.0
3,17,1044.7,-1.7112,0.0
3,18,-1553.92,0.1615,0.00815
3,19,-17.44,0.9437,0.0
3,20,69.561,1.8881,0.0
3,21,73.046,-0.2132,0.0
3,22,133.66,-0.4614,0.0
3,23,66.214,-0.6363,0.0
3,24,269.0,-1.776,0.00265
3,25,595.2,3.309,-0.0284
3,26,134.1,-0.8156,0.00145
3,27,746.9,0.0,0.0
3,28,3736.0,-25.0,0.0459
3,29,59.23,0.0,0.0
3,30,331.6,0.3778,0.0
3,31,-148.14,2.2658,-0.00353
3,32,-82.28,0.5677,0.0
3,33,-248.2,1.214,0.0
3,35,347.6,-1.43,0.0
3,37,602.1,-7.798,0.0197
3,38,808.0,-5.331,0.00608
3,39,-81.686,1.1229,-0.00105
3,40,123.2616,-0.6133,0.0
3,41,-126.2,0.386,0.0
3,42,134.6,-1.231,0.00149
3,43,-26.852,-0.4421,0.0
3,44,-1172.0,10.106,-0.0143
3,45,380.02,-0.2333,0.0
3,46,313.79,-1.1552,0.0
3,47,1083.63,0.9144,-0.00214
3,48,92.4984,1.4186,1.8e-05
3,52,1412.0217,-3.9917,0.0
3,53,392.5569,0.0,0.0
3,55,849.076,-6.5044,0.0122
4,1,47.2,0.3575,0.0
4,2,-113.1,1.172,0.0
4,3,-45.33,0.4223,0.0
4,5,3989.0,-14.09,0.0153
4,6,436.21,1.9094,0.0
4,7,1050.2,-1.9939,0.0
4,8,1375.0,-1.702,0.0
4,9,1001.0,-1.871,0.000239
4,10,683.6,-1.02,0.000869
4,11,-242.5,2.72,-0.00345
4,12,78.94,0.0,0.0
4,13,-595.1,2.978,0.0
4,14,2977.0,-19.16,0.0333
4,15,1250.0,0.0,0.0
4,16,-2631.0,13.56,-0.00704
4,17,4000.0,-16.68,0.0211
4,18,135.3,-2.369,0.0039
4,19,208.1,1.333,0.0
4,20,1352.5,0.0,0.0
4,21,-46.994,0.3044,0.0
4,22,213.85,0.2,0.0
4,23,192.52,-0.2536,0.0
4,24,-106.2,0.6081,0.0
4,25,-113.6,19.72,0.0
4,26,1358.0,-9.968,0.0209
4,27,-2345.0,12.29,0.0
4,28,2586.0,-9.5,0.00882
4,30,157.9,1.408,0.0
4,31,1856.448,5.9959,-0.0186
4,32,69.0,0.4317,0.0
4,33,277.0,-0.5955,0.0
4,35,88.93,0.2236,0.0
4,37,234.2,-0.2311,0.0
4,38,-172.2,0.2257,0.0
4,39,444.2907,0.1947,0.0
4,40,29.5689,0.0,0.0
4,41,2303.0,-6.346,0.0
4,42,-107.1,0.2564,0.0
4,43,-26.486,-0.2952,0.0
4,44,-514.79,4.9372,0.0
4,45,297.73,-0.242,0.0
4,46,72.26,-0.1919,0.0
4,47,1696.962,-0.7064,0.0
4,48,76.7251,0.9394,-0.00045
4,52,1000.8407,-2.5194,0.0
4,53,164.0493,0.0,0.0
4,55,558.0843,0.565,-0.00331
5,1,1606.0,-4.746,0.000918
5,2,1566.0,-5.809,0.0052
5,3,3049.0,-12.77,0.0144
5,4,2673.0,-5.765,-0.000332
5,6,346.31,-2.4583,0.00293
5,7,-801.9,3.824,-0.00751
5,8,83.91,-1.262,0.0
5,9,-250.0,2.857,-0.00602
5,10,-281.4,2.379,-0.00667
5,11,973.8,-5.633,0.00769
5,12,235.9,-0.5874,0.0
5,13,816.7,-5.092,0.00607
5,14,-923.7,2.468,0.0
5,15,-355.1,0.58,0.0
5,16,104.6,-5.014,0.00885
5,17,-1114.0,5.916,-0.00713
5,18,1690.39,-14.773,0.0242
5,19,123.5,0.8503,-0.00248
5,20,-1295.0,4.3634,0.0
5,21,238.1,-0.7077,0.0
5,22,-126.0,0.1322,0.0
5,23,1314.8,0.0,0.0
5,24,925.6,-2.027,0.0
5,25,1862.0,32.07,-0.0094
5,26,741.8,-2.098,0.0
5,27,2100.0,0.0,0.0
5,30,738.4,-1.771,0.0
5,31,499.8,-2.41,0.0
5,32,838.8,0.0,0.0
5,33,699.7,-1.767,0.0
5,34,-148.9,1.034,0.0
5,35,190.4,-1.2,0.0
5,36,1117.0,-2.196,0.0
5,37,439.4,0.0,0.0
5,38,848.6,0.0,0.0
5,39,1036.0,-2.995,0.0
5,41,403.8,-0.9346,0.0
5,42,3121.0,-13.69,0.0145
5,43,401.89,-0.4363,-0.002
5,45,-32.643,-0.0104,0.0
5,46,1201.3,-4.6803,0.0
5,47,186.24,-3.1349,0.00774
5,48,1627.81,-5.86,0.0055
5,52,2720.07,-6.1386,0.0233
5,53,495.276,-2.6496,0.00159
6,1,82.593,-0.4857,0.0
6,2,-96.297,0.6304,-0.0018
6,3,13.733,-0.1177,0.0
6,4,145.54,-0.488,0.0
6,5,-1218.2,9.7928,-0.0162
6,7,-328.5,1.0823,-0.0022
6,8,-867.0,-1.258,0.03
6,9,86.439,-0.4651,0.0
6,10,-392.5,2.256,0.0
6,11,299.23,-1.2702,0.0
6,12,220.7,-0.6402,0.0
6,13,-87.48,-0.5522,0.0
6,14,-495.25,1.0807,0.0
6,15,-1508.5,4.4917,0.0
6,16,-1039.0,5.603,-0.00655
6,17,-2012.0,13.46,-0.02
6,18,-341.34,-5.8042,0.0141
6,19,97.973,-0.2867,0.0
6,20,-733.07,2.3351,0.0
6,21,-16.521,-0.2814,0.0
6,22,-85.926,-0.2637,0.0
6,23,-139.58,0.0,0.0
6,24,-40.13,-0.0671,0.0
6,25,3000.0,-11.81,0.0
6,26,374.2,-2.212,0.00269
6,28,-332.4,4.419,-0.0078
6,29,75.71,-0.3753,0.0
6,30,-369.8,2.203,0.0
6,31,33.19,-0.2074,0.0
6,32,180.5,0.3161,0.0
6,33,28.95,-0.3303,0.0
6,35,-185.9,0.0391,0.0
6,36,164.0,0.0,0.0
6,37,-43.88,0.0,0.0
6,38,-99.58,0.0,0.0
6,39,101.2,-1.078,0.0
6,41,308.7,-1.175,0.0
6,42,68.972,-0.42,0.0
6,43,-308.7,1.7454,-0.00335
6,45,-242.6,0.2956,-9.01e-05
6,47,-119.0759,0.9938,0.0
6,48,210.909,-2.4953,0.0048
6,52,673.7189,-2.3567,0.0
6,53,137.95,-1.4112,0.00172
7,1,-17.253,0.8389,0.000902
7,2,-1301.0,4.072,0.0
7,3,332.3,1.158,0.0
7,4,24.144,1.6504,0.0
7,5,1460.0,-8.673,0.0164
7,6,-524.3,4.6065,-0.004
7,8,-2686.0,19.44,-0.027
7,9,190.5,-3.669,0.00884
7,10,-1545.0,6.512,0.0
7,11,-675.5,3.609,0.0
7,12,140.707,0.0,0.0
7,13,-197.5,0.1766,0.0
7,14,798.5,-5.869,0.0103
7,15,1524.0,-2.531,0.0
7,16,274.5,-0.5905,0.00221
7,17,158.4,0.5246,0.0
7,18,-3178.5,9.8213,-0.0034
7,19,-634.1,3.59,0.0
7,20,-1795.2,12.708,-0.0155
7,21,86.69,1.592,0.0
7,22,134.1,0.9495,0.0
7,24,1008.0,-1.795,0.0
7,25,-1895.0,9.303,0.0
7,26,-595.7,2.634,0.0
7,30,-123.8,3.847,0.0
7,31,372.5,-0.9091,0.0
7,33,822.2,0.0,0.0
7,35,117.0,-0.611,0.0
7,36,419.8,2.436,0.0
7,39,-494.2,2.826,0.0
7,41,676.0,-0.9909,0.0
7,42,274.37,-0.5861,-0.0003
7,43,54.962,-2.585,0.00822
7,44,-804.28,2.828,0.0
7,45,509.3,-0.29,0.0
7,46,659.22,-1.8841,0.0
7,47,934.67,-4.4232,0.00605
7,48,64.443,-0.0094,0.0
7,53,499.44,-6.6553,0.0166
8,1,1987.0,-4.615,0.0
8,2,191.6,0.4936,0.0
8,3,2340.0,-5.043,0.0
8,4,1825.0,-3.743,0.0
8,5,465.4,-1.841,0.0
8,6,265.5,-2.905,0.00228
8,7,148.4,-2.757,0.00233
8,9,-145.2,-0.738,0.0
8,10,5.604,0.0,0.0
8,11,-212.9,0.0,0.0
8,13,-329.3,0.0,0.0
8,17,542.0,-6.792,0.0166
8,18,-4080.9,12.859,-0.0101
8,20,401.88,0.0,0.0
8,24,2356.0,-3.347,0.0
8,25,555.5,0.0,0.0
8,31,-309.0,0.0,0.0
8,42,391.2,-0.8799,0.0
8,52,4911.3999,9.8501,0.0
9,1,199.0,-0.8709,0.0
9,2,91.811,-0.7171,0.0
9,3,-57.53,1.212,-0.00372
9,4,-146.6,0.2419,0.000113
9,5,653.3,-1.412,0.000954
9,6,394.78,-0.3605,0.0
9,7,770.6,-0.5873,-0.00325
9,8,-666.8,1.918,0.0
9,10,197.6,0.0,0.0
9,11,-16.486,-0.2792,0.0
9,12,-83.57,0.0,0.0
9,13,3645.0,-26.91,0.0476
9,15,-47.97,0.0,0.0
9,16,-389.6,0.1944,0.00186
9,17,1732.0,-9.896,0.0141
9,18,-1908.7,4.1057,0.0
9,19,-191.0,0.6835,0.0
9,20,-109.51,0.9689,0.0
9,21,-99.976,0.0,0.0
9,22,-18.695,-0.5261,0.0
9,23,810.17,-3.2209,0.00214
9,24,-208.71,0.8293,-0.0014
9,25,1297.0,-1.365,-0.0225
9,26,-35.89,-0.1009,0.0
9,27,-169.6,2.986,0.0
9,28,419.9,0.0977,0.0
9,29,2.714,0.0,0.0
9,30,-986.0,3.847,0.0
9,31,478.5,-1.148,0.0
9,32,346.6,-0.7017,0.0
9,33,-717.76,2.9431,0.0
9,34,-62.43,-0.8977,0.0
9,35,-76.87,0.5372,0.0
9,37,64.01,-1.077,0.0
9,39,80.792,-3.702,0.0116
9,41,64.21,0.0,0.0
9,42,168.2,-0.8197,0.0
9,43,-62.857,0.2898,0.0
9,45,-497.98,0.7972,0.000298
9,47,502.1003,0.3401,0.0
9,48,37.369,0.0,0.0
9,52,-153.7,0.242,0.0
10,1,256.21,0.0,0.0
10,2,202.49,0.0,0.0
10,3,1011.0,-2.167,0.0
10,4,1963.0,2.656,-0.0136
10,5,1590.0,-24.57,0.0621
10,6,-158.4,-0.6469,0.0
10,7,512.6,-2.145,0.0
10,8,-410.21,0.0,0.0
10,9,-93.08,0.0,0.0
10,11,-208.4,0.0,0.0
10,12,-160.7,0.0,0.0
10,13,209.0,-0.6241,0.0
10,20,435.64,0.0,0.0
10,21,985.7,-2.986,0.0
10,22,-41.537,0.0,0.0
10,29,-373.7,0.0,0.0
10,30,-742.7,0.0,0.0
10,32,114.3,0.0,0.0
10,34,236.6,0.0,0.0
10,37,-43.56,0.0,0.0
10,39,2371.0,0.0,0.0
10,42,716.7,-1.516,0.0
11,1,632.22,-3.3912,0.00393
11,2,-582.82,1.6732,0.0
11,3,622.73,-1.7605,0.0
11,4,1624.0,-9.409,0.0134
11,5,310.4,1.538,-0.00489
11,6,294.76,0.3745,0.0
11,7,322.3,-1.305,0.0
11,8,-224.4,0.0,0.0
11,9,33.415,0.2191,0.0
11,10,389.7,0.0,0.0
11,12,342.4,0.0,0.0
11,13,195.3,-9.75,0.0405
11,15,3168.0,-24.07,0.043
11,16,152.8,-1.099,0.0
11,17,-1355.0,7.683,-0.0101
11,18,87.6005,1.4109,0.0
11,19,-193.23,0.4301,0.0
11,20,62.031,1.0567,0.0
11,21,-49.339,0.0,0.0
11,22,168.17,-1.0536,0.0
11,24,-5.71,-0.2724,0.0
11,25,3351.0,-14.54,0.0
11,26,9.222,-0.3292,0.0
11,28,861.1,-1.693,0.0
11,30,80.69,0.0,0.0
11,31,-72.07,0.0,0.0
11,32,82.96,0.0,0.0
11,33,-386.3,1.892,0.0
11,35,296.8,-1.264,0.0
11,36,-92.12,0.9031,0.0
11,37,-201.4,0.5487,0.0
11,39,96.7704,0.4827,0.0
11,41,-338.8,1.837,0.0
11,42,374.1,-1.976,0.00168
11,43,-28.231,0.0,0.0
11,44,745.4,0.0,0.0
11,45,-579.11,0.9455,0.0
11,47,758.1276,-0.2593,0.0
11,48,611.4677,-2.4783,0.0
12,1,238.5,-0.5358,0.0
12,2,-28.63,0.0,0.0
12,3,108.3,-0.262,0.0
12,4,732.0,0.0,0.0
12,5,839.6,-1.215,0.0
12,6,444.7,-0.0682,0.0
12,7,53.2836,0.0,0.0
12,9,101.3,0.0,0.0
12,10,226.6,0.0,0.0
12,11,-251.7,0.0,0.0
12,18,-9.2978,0.0,0.0
12,19,92.21,0.0,0.0
12,24,-142.2,0.572,0.0
12,25,1894.0,0.0,0.0
12,29,161.8,0.0,0.0
12,37,745.4,-0.622,0.0
12,39,580.3,0.0,0.0
12,42,227.6,-0.7762,0.0
12,44,489.15,0.0,0.0
12,45,260.64,-1.2868,0.0
13,1,-9.654,-0.0324,0.0
13,2,-844.3,2.945,0.0
13,3,179.0,0.0562,0.0
13,4,375.0,-1.57,0.0
13,5,650.9,-0.7132,0.000815
13,6,475.2,0.1198,0.0
13,7,140.7,0.0568,0.0
13,8,-80.58,0.0,0.0
13,9,695.8,-0.9619,-0.00246
13,10,235.7,0.1314,0.0
13,11,824.2,-6.009,0.00827
13,18,-199.94,-6.9867,0.0193
13,19,1987.0,-8.022,0.0107
13,20,521.48,0.0,0.0
13,21,-208.6,-0.2571,0.00242
13,22,492.9,-6.475,0.0181
13,23,-607.35,2.3467,0.0
13,24,-425.4,0.9514,0.0
13,25,974.0,-1.368,-0.0198
13,26,-305.1,0.7063,0.0
13,28,35.02,1.702,0.0
13,29,102.6,0.0,0.0
13,30,513.7,0.0,0.0
13,32,-104.8,0.0,0.0
13,34,-137.87,0.0,0.0
13,37,-422.7,2.23,0.0
13,38,155.7,-1.578,0.0
13,42,397.0,-1.379,0.0
13,43,-124.33,-0.294,0.0
13,44,-454.92,0.0,0.0
13,45,-515.93,0.3835,0.0
13,48,1321.5245,0.0,0.0
14,1,326.04,-2.6348,0.00336
14,2,498.8,-5.148,0.0104
14,3,-121.0,-1.901,0.007
14,4,-45.44,5.141,-0.0142
14,5,-75.63,-0.1511,0.0
14,6,-467.95,0.6574,0.0
14,7,-980.6,3.671,-0.00591
14,15,1517.0,-12.72,0.0256
14,16,-472.4,-0.2051,0.0106
14,19,-412.38,-0.4909,0.00626
14,24,-65.76,-0.3148,0.0
14,25,2553.0,-11.9,0.0
14,29,-205.1,0.0,0.0
14,39,162.14,0.0,0.0
14,42,124.3,-1.147,0.0
14,47,413.1067,0.0,0.0
15,1,207.26,-1.0916,0.0
15,2,-124.32,0.0,0.0
15,3,105.63,-0.6067,0.0
15,4,-316.22,0.0,0.0
15,5,-660.2,1.743,0.0
15,6,-278.09,-0.3989,0.0
15,7,-851.0,1.034,0.0
15,9,119.5,0.0,0.0
15,11,3329.0,-13.78,0.0119
15,14,-1074.0,9.0,-0.018
15,16,402.6,-1.614,0.0
15,19,242.2,0.0,0.0
15,24,-3.28,0.0,0.0
15,25,3888.0,-16.26,0.0
15,38,-330.2,0.0,0.0
15,39,-88.4923,0.0,0.0
15,42,-131.9,-0.0074,0.0
15,43,-186.98,0.0,0.0
15,47,444.6679,0.8351,0.0
16,1,205.65,-1.4436,0.0
16,2,-131.5,0.0,0.0
16,3,16.29,-0.6022,0.0
16,4,978.3,-6.481,0.00709
16,5,1876.0,11.5,0.09
16,6,39.33,-3.354,0.00671
16,7,-446.0,-0.7738,0.00263
16,9,2831.0,-13.01,0.0156
16,11,160.8,0.8719,0.0
16,14,836.6,-5.208,0.0048
16,15,-639.9,2.561,0.0
16,22,-473.0,0.8883,0.0
16,24,215.9,-1.399,0.0
16,25,1622.0,-4.812,-0.0186
16,39,965.0,0.0,0.0
16,45,-420.24,0.2632,0.0
16,47,-729.5023,6.2811,0.0
16,48,2111.2449,0.0,0.0
17,1,2257.3,-5.6676,0.0
17,2,3982.0,-19.72,0.0278
17,3,154.39,1.2458,0.0
17,4,3969.0,8.497,-0.00595
17,5,1325.0,-6.263,0.00758
17,6,251.2,-1.274,0.00221
17,7,-131.0,-0.7957,0.0
17,8,-131.1,-0.9399,0.000469
17,9,1460.0,-13.73,0.0292
17,11,3499.0,-22.96,0.0354
17,18,74.285,14.613,-0.0283
17,19,393.9,-4.703,0.009
17,21,582.1,-2.33,0.000377
17,24,3986.0,-16.15,0.0164
17,25,3709.2,0.0,0.0
17,27,3770.0,1.686,0.0
17,31,1268.0,-3.042,0.0
17,39,-391.9,0.0,0.0
17,42,1371.0,-3.323,0.0
17,47,1271.42,-6.4373,0.00645
18,1,-436.15,3.4225,-0.0087
18,2,-13.317,0.0,0.0
18,3,1810.78,-5.7594,0.0023
18,4,1698.1,-9.8887,0.0153
18,5,-703.51,2.0368,-0.000366
18,6,-230.381,-0.3825,0.00233
18,7,-393.18,0.5546,-0.002
18,8,-41.594,-3.5887,0.004
18,9,307.16,-0.8161,0.0
18,11,45.3095,-1.4281,0.0
18,12,-123.7294,0.0,0.0
18,13,-430.49,-0.728,0.00399
18,17,-558.39,1.2436,-0.0007
18,19,746.1208,-2.1937,0.0
18,20,-451.49,-0.4031,0.0
18,21,-67.106,-0.4933,0.0
18,22,-978.246,2.1884,0.0
18,24,229.6591,-1.5005,0.0
18,33,-713.65,1.9191,0.0
18,38,197.9454,-0.3316,-0.0004
18,42,130.61,-1.0823,0.0
18,43,-250.2521,0.3811,0.0
18,45,-516.3073,1.6943,0.0
18,47,489.935,-0.5591,-0.00102
18,52,-674.0007,1.8854,0.0
19,1,293.81,-1.3979,0.0
19,2,-181.93,0.0,0.0
19,3,111.8,-0.5959,0.0
19,4,170.1,-0.8218,0.0
19,5,-46.0,4.415,-0.00878
19,6,615.01,-0.9444,0.0
19,7,509.6,-1.916,0.0
19,9,79.08,-0.3808,0.0
19,11,139.55,-0.4367,0.0
19,12,-33.64,0.0,0.0
19,13,-588.8,1.481,-0.00264
19,14,2412.2,-10.495,0.00974
19,15,-131.9,0.0,0.0
19,17,2987.0,-9.336,0.00715
19,18,-2307.7947,5.8186,0.0
19,21,176.5,-1.237,0.0
19,22,-78.96,0.0,0.0
19,24,65.82,-0.6265,0.0
19,25,1283.0,3.361,-0.0299
19,26,117.53,-0.4469,0.0
19,28,468.8,0.0,0.0
19,29,-18.8,-0.3652,0.0
19,31,506.6,-1.263,0.0
19,33,-211.2,0.0,0.0
19,34,11.65,-1.229,0.0
19,36,267.1,0.0,0.0
19,37,61.96,-0.4161,0.0
19,39,57.0813,-0.7417,0.0
19,41,-75.67,0.0,0.0
19,42,256.2,-1.526,0.00112
19,43,-28.653,-0.4815,0.0
19,45,237.42,-1.2928,0.0
20,1,2017.7,-9.0933,0.0102
20,2,-347.5,1.216,0.0
20,3,613.32,-1.595,0.0
20,4,29.747,0.0,0.0
20,5,1525.8,-4.9155,0.0
20,6,1075.5,-3.4339,0.0
20,7,624.97,-4.6878,0.00524
20,8,281.08,0.0,0.0
20,9,178.22,-0.9168,0.0
20,10,-188.0,0.0,0.0
20,11,59.594,-0.712,0.0
20,13,-310.82,0.0,0.0
20,18,-2617.7,4.614,0.0
20,21,27.618,0.0,0.0
20,22,94.606,0.0,0.0
20,24,701.95,-1.7576,0.0
20,25,-1398.7,0.0,0.0
20,32,146.06,0.0,0.0
20,33,-18.328,0.0,0.0
20,37,-447.95,1.5141,0.0
20,39,-421.21,0.0,0.0
20,42,1060.0,-2.822,0.0
20,43,720.45,-1.5187,0.0
20,44,-65.631,0.0,0.0
20,45,508.72,-1.4005,0.0
20,47,-369.3104,0.0,0.0
20,48,-400.859,0.0,0.0
21,1,-65.685,0.0741,0.0
21,2,-359.6,1.238,0.0
21,3,-58.972,0.1046,0.0
21,4,113.07,-0.5957,0.0
21,5,2177.0,-4.363,0.0
21,6,1831.2,-2.9694,0.0
21,7,313.3,-0.5041,0.0
21,9,55.27,0.0,0.0
21,10,-888.3,3.426,0.0
21,11,48.852,0.0,0.0
21,13,872.0,-2.939,0.00127
21,17,-338.0,3.372,-0.00368
21,18,-1592.8499,2.8397,0.0
21,19,-368.7,1.992,0.0
21,20,702.4,0.0,0.0
21,22,70.79,0.0,0.0
21,23,592.4,-4.2459,0.00691
21,24,16.34,0.0729,0.0
21,25,3985.0,-15.7,0.0
21,26,24.44,-0.4713,0.0
21,27,1248.0,-2.04,0.0
21,28,295.9,0.0,0.0
21,30,666.0,0.0,0.0
21,33,128.8,-0.2077,0.0
21,37,280.0,0.0,0.0
21,39,-70.4491,0.0,0.0
21,42,-31.42,-0.248,0.0
21,43,-325.77,2.0412,0.0
21,44,530.3,0.0,0.0
21,45,207.12,-0.4396,0.0
22,1,311.55,-1.1856,0.0
22,2,55.881,0.0,0.0
22,3,-142.2,0.3966,0.0
22,4,-75.01,-0.4268,0.0
22,5,2389.0,-4.509,0.0
22,6,1904.4,-2.7981,0.0
22,7,748.2,-1.319,0.0
22,9,-218.94,1.0749,0.0
22,10,354.71,0.0,0.0
22,11,-461.35,1.8569,0.0
22,13,215.3,-2.482,0.00275
22,16,406.8,-1.524,0.0
22,18,946.7893,-4.9886,0.0
22,19,14.76,0.0,0.0
22,20,425.97,0.0,0.0
22,21,-66.21,0.0,0.0
22,23,187.43,-3.446,0.00672
22,24,46.29,-0.2115,0.0
22,25,3353.0,-14.2,0.0
22,26,822.4,-2.05,0.0
22,30,-174.6,0.0,0.0
22,32,132.7,-0.1183,0.0
22,33,-139.6,1.022,0.0
22,35,-178.3,0.7426,0.0
22,37,160.7,0.0,0.0
22,39,-147.6446,0.0,0.0
22,42,10.7,-0.2702,0.0
22,43,108.83,-0.8606,0.0
22,45,7.3664,0.4046,0.0
22,48,102.8047,-0.0879,0.0
23,1,1302.6,-8.427,0.0144
23,2,255.41,0.0,0.0
23,3,-78.116,0.6998,0.0
23,4,-38.939,-0.1938,0.0
23,5,963.37,0.0,0.0
23,6,893.38,0.0,0.0
23,9,-48.641,-0.795,0.00371
23,13,97.128,-0.6439,0.0
23,21,603.29,-3.977,0.00625
23,22,1468.9,-5.0,0.0037
23,24,-323.17,1.1973,0.0
23,33,599.82,0.0,0.0
23,37,325.81,0.0,0.0
24,1,-148.07,1.0927,-0.00242
24,2,-663.45,2.3281,0.0
24,3,-305.5,2.12,-0.00324
24,4,107.8,-0.6785,0.0
24,5,3139.0,-5.964,0.0
24,6,2150.0,-2.813,0.0
24,7,1282.0,-2.815,0.0
24,8,2157.0,-3.718,0.0
24,9,155.73,1.4412,-0.0025
24,11,223.4,0.1237,0.0
24,12,465.8,-0.773,0.0
24,13,641.2,-1.486,0.0
24,14,333.9,-0.1415,0.0
24,15,43.83,0.0,0.0
24,16,-825.9,3.15,0.0
24,17,2626.0,-10.59,0.0147
24,18,-2110.9729,6.3625,0.0
24,19,357.6,0.7676,0.0
24,20,213.34,2.1861,0.0
24,21,95.05,-0.2348,0.0
24,22,46.03,0.0539,0.0
24,23,350.92,-1.3456,0.0
24,25,-131.8,9.802,-0.0358
24,26,441.5,-0.5353,0.0
24,27,3286.0,0.0,0.0
24,28,9.362,1.033,0.0
24,30,750.2,0.8165,0.0
24,32,49.51,0.6829,0.0
24,33,203.2,-1.328,0.0
24,35,325.2,0.4405,0.0
24,36,902.0,0.0,0.0
24,37,220.6,0.3756,0.0
24,38,197.4,-0.4858,0.0
24,39,512.7,0.027,0.0
24,42,-37.183,-0.0478,0.0
24,43,190.45,0.0127,0.0
24,45,22.779,0.0421,0.0
24,52,1366.3114,-3.8385,0.0
25,1,3264.0,-20.84,0.0332
25,2,215.5,-1.519,0.0
25,3,1885.0,-10.98,0.0166
25,4,-69.23,-0.7359,0.0
25,5,3664.0,34.13,0.00299
25,6,2955.0,-6.383,0.0
25,7,591.6,-3.08,0.0
25,8,1554.0,0.0,0.0
25,9,1375.0,2.499,0.00631
25,11,-788.6,1.693,0.0
25,12,18.79,0.0,0.0
25,13,381.1,-5.682,0.0168
25,14,3873.0,-9.315,0.0
25,15,-868.8,2.948,0.0
25,16,-94.87,-9.612,0.0372
25,17,1583.8,0.0,0.0
25,19,2331.0,-9.238,0.0116
25,20,1000.0,0.0,0.0
25,21,15.62,-1.099,0.0
25,22,368.6,-1.748,0.0
25,24,972.1,-6.82,0.00922
25,26,3986.0,25.0,0.0
25,27,-184.4995,2.2806,0.0
25,33,-69.88,0.0,0.0
25,39,-12.7054,-0.4758,0.0
25,42,1326.0,-3.926,0.0
25,43,96.855,-1.2993,0.0
25,45,-27.161,0.611,0.0
26,1,-396.5,3.092,-0.00627
26,2,452.2,-1.997,0.0
26,3,-330.0,3.066,-0.00538
26,4,1014.0,-4.702,0.00438
26,5,1091.0,-1.274,0.0
26,6,1079.0,-1.766,0.00124
26,7,882.6,-2.606,0.0
26,9,-32.6,0.0847,0.0
26,11,-50.36,0.0245,0.0
26,13,319.6,-1.368,0.0
26,19,-128.21,0.5035,0.0
26,21,142.1,-0.153,0.0
26,22,-423.1,0.8154,0.0
26,24,-65.74,0.0967,0.0
26,25,3638.0,-14.25,0.0
26,27,85.6,0.0,0.0
26,28,68.87,3.217,0.0
26,32,643.8,-0.7376,0.0
26,33,9.258,-0.1079,0.0
26,34,-70.24,0.0,0.0
26,37,159.0,0.0,0.0
26,39,606.9,0.0,0.0
26,42,119.3,-0.5691,0.0
26,43,53.75,0.0,0.0
26,52,324.6235,-1.1828,0.0
27,1,1744.0,-4.082,0.0
27,3,36.45,0.0,0.0
27,4,1567.0,-2.678,0.0
27,5,316.6,0.0,0.0
27,9,-328.1,0.3045,0.0
27,17,1.655,-1.164,0.0
27,21,1295.0,-4.224,0.0
27,24,167.5,0.0,0.0
27,25,2926.0183,-1.8141,0.0
27,26,986.0,0.0,0.0
27,33,505.4,0.0,0.0
27,42,2004.0,-4.5,0.0
28,1,72.12,-1.126,0.0
28,2,70.88,-1.09,0.0
28,3,574.6,-3.702,0.00368
28,4,-1494.0,7.679,-0.0123
28,6,2645.0,-9.172,0.0118
28,9,315.3,-0.5617,0.0
28,11,280.0,-0.9491,0.0
28,13,198.5,-1.434,0.0
28,19,434.8,0.0,0.0
28,21,-137.7,0.0,0.0
28,24,52.01,-0.9095,0.0
28,26,655.7,-2.203,0.0
28,32,212.4,-0.3692,0.0
28,37,-93.31,-0.1286,0.0
28,42,29.45,-0.9194,0.0
28,43,166.56,-1.0407,0.0
28,45,89.744,-1.0122,0.0
29,1,-59.9,-0.0083,0.0
29,3,-41.77,0.0,0.0
29,6,1334.0,-1.863,0.0
29,9,64.41,0.0,0.0
29,10,-397.5,0.0,0.0
29,12,13.97,0.0,0.0
29,13,-210.1,0.0,0.0
29,14,244.4,0.0,0.0
29,19,41.54,0.646,0.0
29,35,467.1,0.0,0.0
29,39,356.6,0.0,0.0
29,42,-7.4648,-0.4151,0.0
30,1,210.5,-1.081,0.0
30,2,-146.1,0.0,0.0
30,3,0.4086,-0.4601,0.0
30,4,181.2,-1.081,0.0
30,5,616.5,-0.1457,0.0
30,6,662.0,-1.903,0.0
30,7,501.4,-1.939,0.0
30,9,277.0,-1.357,0.0
30,10,-214.8,0.0,0.0
30,11,-136.3,0.0,0.0
30,13,-299.6,0.0,0.0
30,21,-390.6,0.0,0.0
30,22,106.3,0.0,0.0
30,24,100.5,-0.8269,0.0
30,42,96.59,-0.7691,0.0
30,44,778.78,0.0,0.0
31,1,28.17,0.0,0.0
31,3,-93.19,1.5036,-0.00141
31,4,1041.328,-5.2068,0.00717
31,5,-468.8,2.421,0.0
31,6,-3.428,0.483,0.0
31,7,-368.8,0.7775,0.0
31,8,191.7,0.0,0.0
31,9,-72.58,0.4909,0.0
31,11,69.25,0.0,0.0
31,17,-818.8,3.229,0.0
31,19,11.72,0.7004,0.0
31,35,-228.4,0.0,0.0
31,39,373.8,0.0,0.0
31,47,-210.3418,0.9103,0.0
32,1,166.0,-0.7116,0.0
32,3,298.9,-0.8374,0.0
32,4,448.8,-0.9919,0.0
32,5,774.7,0.0,0.0
32,6,1965.0,-3.858,0.0
32,9,-182.0,0.7905,0.0
32,10,293.5,0.0,0.0
32,11,11.62,0.0,0.0
32,13,464.0,0.0,0.0
32,20,780.71,0.0,0.0
32,22,-23.81,-0.092,0.0
32,24,186.4,-0.7294,0.0
32,26,17.81,-0.2245,0.0
32,28,200.6,-0.228,0.0
32,33,-536.2,1.995,0.0
32,45,-47.772,-0.0092,0.0
33,1,-62.08,-0.3658,0.0
33,2,160.4,-0.5148,0.0
33,3,187.5,-0.902,0.0
33,4,-156.7,0.1221,0.0
33,5,1439.0,-1.673,0.0
33,6,648.8,0.805,0.0
33,7,-17.99,0.0,0.0
33,9,319.69,-1.4362,0.0
33,11,248.3,-1.198,0.0
33,18,-763.19,0.603,0.0
33,19,362.6,0.0,0.0
33,20,753.21,0.0,0.0
33,21,-92.68,-0.0131,0.0
33,22,96.4,-0.776,0.0
33,23,-364.76,0.0,0.0
33,24,-1360.0,7.402,0.0
33,25,981.5,0.0,0.0
33,26,121.4,0.054,0.0
33,27,81.445,0.0,0.0
33,32,558.0,-1.924,0.0
33,35,-83.7,0.1436,0.0
33,41,-378.1,2.56,0.0
33,42,-122.5,0.0913,0.0
33,43,-186.4,0.0,0.0
34,1,-22.04,-0.1018,0.0
34,2,-197.06,1.8723,-0.0027
34,5,1255.0,-2.538,0.0
34,9,-481.2,9.604,0.0
34,10,-93.066,0.0,0.0
34,13,169.27,0.0,0.0
34,19,-1428.0,7.698,0.0
34,26,132.2,0.0,0.0
34,39,1025.0,0.0,0.0
35,1,477.1,-2.175,0.0
35,2,154.0,-1.303,0.0
35,3,-345.6,1.545,0.0
35,4,178.6,-0.7113,0.0
35,5,-452.3,1.956,0.0
35,6,145.0,-0.6343,0.0
35,7,-370.8,0.1043,0.0
35,9,38.06,-0.5189,0.0
35,11,-337.1,0.8843,0.0
35,22,-39.45,-0.8556,0.0
35,24,-60.89,-0.6321,0.0
35,29,-360.0,0.0,0.0
35,31,-47.81,0.0,0.0
35,33,-116.7,-0.0677,0.0
35,39,-133.3468,0.1022,0.0
35,45,-322.46,-0.0208,0.0
36,1,-291.9,0.0,0.0
36,2,-113.8,0.0,0.0
36,5,1072.0,-1.248,0.0
36,6,135.9,0.0,0.0
36,7,276.9,-0.9948,0.0
36,11,503.5,-1.792,0.0
36,19,-144.7,0.0,0.0
36,24,-194.9,0.0,0.0
36,37,-74.88,0.0,0.0
36,39,-110.3414,0.0,0.0
37,1,3.202,-0.6894,0.0
37,2,-300.6,-0.0958,0.0
37,3,1887.0,-8.707,0.00781
37,4,-115.9,-0.0292,0.0
37,5,959.3,0.0,0.0
37,6,2421.0,0.0,0.0
37,9,-153.4,3.143,0.0
37,10,945.6,0.0,0.0
37,11,-320.0,1.052,0.0
37,12,-479.1,0.8031,0.0
37,13,-326.4,0.24,0.0
37,19,-19.1,1.195,0.0
37,20,283.64,1.5491,0.0
37,21,-207.3,0.0,0.0
37,22,-135.9,0.0,0.0
37,23,-199.87,0.0,0.0
37,24,-134.4,-0.3226,0.0
37,26,108.4,0.0,0.0
37,28,319.4,0.0342,0.0
37,36,1004.0,0.0,0.0
37,39,967.7403,0.0,0.0
37,41,-211.1,0.0,0.0
37,42,-24.82,-0.5324,0.0
37,43,321.62,-4.9963,0.0139
37,45,185.82,0.0,0.0
38,1,-160.3,-0.0108,0.0
38,2,-139.5,0.9076,0.0
38,3,-1367.0,7.883,-0.00775
38,4,-13.15,0.0018,0.0
38,5,1253.0,0.0,0.0
38,6,1235.0,0.0,0.0
38,13,-528.8,2.822,0.0
38,15,904.1,0.0,0.0
38,18,-1052.5208,1.6854,0.0027
38,24,-98.98,-0.0213,0.0
38,39,190.0634,0.0,0.0
38,40,-57.38,0.0,0.0
38,42,112.7,-0.4103,0.0
38,43,-22.572,0.0,0.0
39,1,151.0,-0.9023,0.0
39,2,-152.2,0.0,0.0
39,3,58.762,-0.6263,0.000668
39,4,64.2776,-0.5839,0.0
39,5,-366.4,1.129,0.0
39,6,-269.7,1.732,0.0
39,7,-121.8,-0.6029,0.0
39,9,1955.5,-10.0,0.0114
39,10,-225.3,0.0,0.0
39,11,16.6938,-0.5966,0.0
39,12,-285.5,0.0,0.0
39,14,-112.76,0.0,0.0
39,15,-230.554,0.0,0.0
39,16,-311.9,0.0,0.0
39,17,650.7,0.0,0.0
39,19,-160.4825,1.0644,0.0
39,20,93.773,0.0,0.0
39,21,-59.2862,0.0,0.0
39,22,75.4469,0.0,0.0
39,24,-168.4,-0.123,0.0
39,25,472.4949,-0.5503,0.0
39,26,-340.9,0.0,0.0
39,29,-247.6,0.0,0.0
39,31,-231.6,0.0,0.0
39,34,-416.5,0.0,0.0
39,35,221.7393,-0.5021,0.0
39,36,97.3572,0.0,0.0
39,37,-306.217,0.0,0.0
39,38,-229.9709,0.0,0.0
39,42,141.2,-0.8783,0.0
39,43,53.871,-0.6775,0.0
39,44,-310.13,0.0,0.0
40,1,-484.3,2.467,0.0
40,3,419.0446,-0.1703,0.0
40,4,153.3207,0.0,0.0
40,38,110.4,0.0,0.0
40,42,165.6,0.0,0.0
41,1,-314.6,1.287,0.0
41,2,698.5,-2.159,0.0
41,3,670.8,-1.807,0.0
41,4,-736.8,3.332,0.0
41,5,703.4,-1.383,0.0
41,6,678.1,-1.335,0.0
41,7,808.4,-2.929,0.0
41,9,-148.3,0.0,0.0
41,11,3.924,-1.174,0.0
41,19,26.8,0.0,0.0
41,33,13.78,-0.936,0.0
41,37,516.5,0.0,0.0
41,42,683.3,6.321,0.0
42,1,170.9,-0.8062,0.00129
42,2,60.2,0.1565,0.0
42,3,-2.619,1.094,-0.00156
42,4,191.5,-0.5561,0.0
42,5,2601.0,-1.25,-0.00631
42,6,2540.7,-3.5236,0.0
42,7,1632.9,-2.8719,0.00346
42,8,3630.0,-6.23,0.0
42,9,464.5,0.1542,0.0
42,10,1161.0,-0.5724,0.0
42,11,460.8,-0.0621,4.1e-05
42,12,509.0,-0.2248,0.0
42,13,-214.1,1.134,0.0
42,14,621.9,0.258,0.0
42,15,1248.0,-2.79,0.0
42,17,1091.0,-0.2657,0.0
42,18,-492.38,1.6501,0.0
42,19,1336.0,-3.395,0.00459
42,20,578.3,1.493,0.0
42,21,370.6,-0.322,0.0
42,22,224.4,-0.1399,0.0
42,24,60.78,0.0243,0.0
42,25,2698.0,-12.43,0.0
42,26,522.9,-0.2485,0.0
42,27,2600.0,-4.8,0.0
42,28,92.4,1.191,0.0
42,29,439.7321,-0.2619,0.0
42,30,846.7,0.2545,0.0
42,33,476.9,-0.61,0.0
42,37,81.56,0.7293,0.0
42,38,21.04,-0.1288,0.0
42,39,666.5,-0.1555,0.0
42,40,-109.0,0.0,0.0
42,41,865.0,-2.89,0.0
42,43,242.49,-0.0383,0.0
42,45,183.79,-0.1518,0.0
42,46,298.46,-0.6823,0.0
42,47,2187.6658,-1.057,0.0
42,48,499.1925,0.5131,0.0
42,52,790.7599,-2.3892,0.0
42,53,286.5434,0.1879,0.0
42,55,373.4893,0.0647,0.0
43,1,186.71,-1.3546,0.0024
43,2,1182.6,-5.0,0.00375
43,3,47.23,0.6404,0.0
43,4,199.48,0.0337,0.0
43,5,-238.36,5.0,-0.00819
43,6,952.24,-3.3287,0.00536
43,7,843.09,-2.635,0.000704
43,9,80.038,-0.1012,0.0
43,11,36.948,0.0,0.0
43,13,561.14,-0.7058,0.0
43,15,295.07,0.0,0.0
43,18,-1269.7316,2.6335,0.0
43,19,56.754,0.8978,0.0
43,20,-140.77,0.309,0.0
43,21,70.075,-1.149,0.0
43,22,-358.57,1.3307,0.0
43,24,-131.87,-0.0142,0.0
43,25,2991.8999,-9.3959,0.0
43,26,-47.089,0.0,0.0
43,28,1.0902,1.5927,0.0
43,33,265.42,0.0,0.0
43,37,713.9,-2.7759,0.000917
43,38,-7.56,0.0,0.0
43,39,-54.26,1.0612,0.0
43,42,20.834,-0.3472,0.0
43,45,-523.96,0.4945,0.0
43,56,19.221,0.4413,0.0
44,1,-21.23,0.0,0.0
44,3,-1141.6,8.6562,-0.0154
44,4,291.65,-1.2039,0.0
44,7,594.45,-2.2535,0.0
44,11,-447.04,0.0,0.0
44,12,-441.01,0.0,0.0
44,13,310.75,0.0,0.0
44,20,-14.016,0.0,0.0
44,21,17.052,0.0,0.0
44,30,-384.29,0.0,0.0
44,39,-367.48,0.0,0.0
45,1,-44.069,0.0278,0.0
45,2,-174.41,0.0,0.0
45,3,-201.52,-0.0688,0.0
45,4,-248.3,0.2547,0.0
45,5,2985.8,-6.227,0.0
45,6,4519.3,-19.456,0.026
45,7,-523.8,3.158,0.0
45,9,945.14,-3.8168,0.00454
45,11,966.35,-2.1861,0.0
45,12,-597.09,2.5295,0.0
45,13,1368.0,-2.6254,0.0
45,16,-1035.8,3.078,0.0
45,18,-1646.78,2.7237,0.0
45,19,-642.44,2.8574,0.0
45,20,-386.93,2.3961,0.0
45,21,-175.29,0.3275,0.0
45,22,-1.6641,-0.3783,0.0
45,24,14.947,-0.1109,0.0
45,25,4235.2998,-16.954,0.0
45,28,40.987,1.1526,0.0
45,32,92.429,0.1744,0.0
45,35,67.069,0.2396,0.0
45,37,-139.0,0.0,0.0
45,42,-61.922,-0.0594,0.0
45,43,1414.0,-2.8776,0.0
46,1,-249.85,1.7054,0.0
46,2,-734.87,3.3463,0.0
46,3,-258.12,1.4084,0.0
46,4,763.57,-1.3961,0.0
46,5,-516.99,2.1888,0.0
46,7,-588.21,0.9707,0.0
46,42,499.59,-0.8158,0.0
46,52,-1423.6628,3.9162,0.0
47,1,189.9108,-0.9413,0.0
47,2,92.6993,-0.8135,0.0
47,3,160.133,-1.3578,0.00133
47,4,340.9073,-1.008,0.0
47,5,1460.82,-5.962,0.00469
47,6,-52.6911,-0.7465,0.0
47,7,-649.31,1.3487,-0.00159
47,9,141.0113,-0.9829,0.0
47,11,32.7103,-0.8641,0.0
47,14,-293.9284,0.0,0.0
47,15,-196.2303,-0.0511,0.0
47,16,-66.6079,-0.696,0.0
47,17,-2476.18,10.9894,-0.00962
47,18,-2250.6443,5.4638,-0.00015
47,20,-0.2928,0.0,0.0
47,31,106.793,-0.9537,0.0
47,42,165.6552,-0.9151,0.0
47,48,-91.6532,-0.3411,0.0
48,1,82.5982,-0.615,-0.000623
48,2,-81.79,0.0,0.0
48,3,-14.889,-0.8126,2e-06
48,4,246.084,-0.8198,-0.000137
48,5,-808.395,3.8321,-0.00588
48,6,-132.93,0.6584,-0.00208
48,7,-439.5799,0.3142,0.0
48,9,-116.4047,0.0,0.0
48,11,-1031.7838,3.9906,0.0
48,13,-361.2499,0.0,0.0
48,16,-235.6095,0.0,0.0
48,20,-244.6923,0.0,0.0
48,22,-446.861,0.4276,0.0
48,42,148.6643,-1.0328,0.0
48,47,117.5666,0.7114,0.0
52,1,-16.034,-0.5337,0.0
52,2,-39.3735,0.0,0.0
52,3,-660.2538,1.4602,0.0
52,4,-139.7802,0.1146,0.0
52,5,7106.528,-3.989,-0.0405
52,6,2676.7324,-5.4899,0.0
52,8,2332.5,-4.0832,0.0
52,9,2311.5,-6.6054,0.0
52,18,4998.5674,1.1962,0.0
52,24,-580.4588,1.1653,0.0
52,26,11.4423,0.7866,0.0
52,42,-368.498,0.8497,0.0
52,46,1738.5004,-3.9729,0.0
53,1,-41.0041,0.0,0.0
53,2,57.8594,0.0,0.0
53,3,-260.2204,0.0,0.0
53,4,102.0413,0.0,0.0
53,5,700.05,0.2237,-0.00244
53,6,524.524,0.4314,-0.00166
53,7,952.57,-0.8437,-0.0048
53,42,58.4316,-0.5292,0.0
55,1,-0.0668,-0.3935,4.1e-05
55,2,298.5526,-1.4153,0.0
55,3,-358.058,3.6831,-0.00782
55,4,562.34,-3.4373,0.00633
55,42,75.4497,-0.6572,0.0
56,43,117.2081,-0.3946,0.0
